nivel,tasa_acept,contr_ventas
2,39.38,0.024268
2,40.94,0.020745
2,38.75,0.006067
1,23.97,0.00685
1,35.96,0.006263
2,38.75,0.03836
2,40.0,0.006654
3,36.75,0.111147
2,48.55,0.032292
1,39.84,0.009981
3,41.14,0.189058
1,16.55,0.004501
1,28.29,0.021528
2,38.61,0.007633
2,29.15,0.018984
2,32.72,0.0137
1,27.96,0.016636
1,35.78,0.013504
2,49.87,0.035424
2,40.49,0.060831
2,38.98,0.009003
2,44.53,0.032684
1,59.22,0.011938
2,39.42,0.047362
1,58.62,0.006654
1,40.96,0.025247
1,24.6,0.029357
1,34.59,0.116057
1,28.32,0.018397
3,34.73,0.022898
2,52.14,0.016831
1,33.34,0.019571
1,49.01,0.129535
1,36.89,0.035228
1,35.38,0.050885
2,34.16,0.134258
1,31.72,0.010177
2,51.82,0.553562
2,30.4,0.007437
1,40.37,0.074157
1,29.2,0.006458
2,36.25,0.005676
1,44.44,0.00548
2,41.57,0.032292
3,42.68,0.013113
2,25.68,0.003719
2,39.35,0.132648
3,29.09,0.009394
1,31.11,0.00822
1,37.2,0.014483
1,37.63,0.089832
2,60.17,0.027204
1,36.78,0.006263
2,35.13,0.033467
2,36.81,0.054016
2,44.69,0.027204
1,33.6,0.00822
1,34.63,0.01233
2,36.07,0.021528
2,53.18,0.045983
2,28.11,0.038164
2,31.3,0.071826
2,60.98,0.014678
2,42.09,0.039525
1,40.07,0.028378
1,44.59,0.006458
2,38.29,0.015657
3,34.84,0.033467
1,48.97,0.105489
3,34.51,0.030922
2,47.14,0.016048
2,35.51,0.149524
2,40.92,0.102553
1,72.73,0.006263
1,38.23,0.033654
2,46.94,0.009003
2,37.7,0.049115
1,20.77,0.011743
3,36.75,0.007046
1,38.89,0.00274
2,43.24,0.012526
2,31.56,0.040317
2,26.76,0.011156
1,31.43,0.006458
1,25.65,0.02329
3,37.5,0.002349
2,40.69,0.016244
1,30.83,0.051081
1,59.41,0.011743
1,25.2,0.006458
1,34.78,0.001566
2,49.06,0.005089
3,36.8,0.022898
2,35.82,0.033075
1,46.91,0.007437
1,36.59,0.079459
2,44.19,0.201361
2,33.92,0.060475
2,60.66,0.007241
2,50.36,0.013504
1,32.99,0.035815
2,47.98,0.018593
3,17.04,0.006067
3,47.18,0.134223
1,35.34,0.008024
1,42.03,0.088631
3,33.75,0.005284
3,40.5,0.027969
2,45.14,0.033467
1,37.13,0.007046
2,30.54,0.01781
1,35.45,0.01096
2,25.45,0.039338
3,36.95,0.008024
2,42.14,0.011547
2,44.65,0.014678
2,47.67,0.027987
2,41.28,0.010177
1,40.36,0.026225
1,,0.0
2,42.46,0.101343
2,35.24,0.019375
2,36.96,0.006654
2,50.0,0.013504
2,60.03,0.02055
3,24.32,0.001761
2,50.66,0.302464
2,27.84,0.025051
2,44.62,0.011351
2,41.83,0.012526
2,40.19,0.033662
1,34.77,0.011156
2,35.59,0.01233
3,42.86,0.001761
3,36.98,0.025825
2,37.23,0.069282
2,36.02,0.05165
2,48.62,0.06906
1,46.93,0.01781
2,45.1,0.031314
1,45.44,0.045601
2,36.09,0.041669
1,32.37,0.008807
3,37.64,0.011342
2,39.25,0.022115
1,31.45,0.097465
2,29.98,0.017418
1,52.6,0.019767
1,51.82,0.025051
2,48.63,0.017418
3,29.05,0.029553
3,46.94,0.004501
1,31.71,0.002544
1,58.95,0.026421
3,19.86,0.015461
2,40.21,0.046971
1,36.96,0.143457
3,44.0,0.01507
2,41.74,0.192314
1,44.86,0.014483
3,25.64,0.023485
2,39.73,0.017027
3,46.43,0.005089
3,41.55,0.010568
2,49.51,0.009981
2,44.18,0.080028
1,50.0,0.129704
1,36.02,0.03425
2,48.74,0.037185
2,43.75,0.02192
1,23.47,0.009003
3,35.79,0.008611
2,48.19,0.046579
1,31.46,0.025051
2,33.93,0.003719
1,24.25,0.007828
2,52.94,0.001761
1,52.0,0.012721
1,34.09,0.008807
3,43.08,0.015844
1,33.04,0.007241
1,41.03,0.012526
1,50.83,0.011938
1,32.69,0.003327
1,32.76,0.007437
1,61.06,0.013504
2,52.87,0.025247
2,37.36,0.006654
3,33.33,0.000196
1,23.14,0.012134
1,36.17,0.091006
3,42.45,0.012125
1,38.03,0.010568
2,47.54,0.005676
3,45.81,0.007437
1,32.54,0.026421
3,36.89,0.012125
1,39.14,0.010568
2,47.96,0.018397
1,27.96,0.005089
3,38.93,0.020941
2,57.24,0.016244
2,49.55,0.021333
2,40.33,0.014287
3,38.24,0.015266
1,48.99,0.023681
2,52.13,0.01918
2,60.28,0.025247
1,40.58,0.01096
1,28.95,0.006458
1,22.7,0.00822
2,31.3,0.008024
2,46.94,0.011938
2,41.81,0.015461
1,44.17,0.020745
3,25.0,0.000391
2,47.63,0.037381
2,54.42,0.015657
2,55.51,0.033449
1,28.79,0.007437
2,47.78,0.018788
1,29.63,0.013504
2,49.87,0.09629
1,25.51,0.004893
3,51.04,0.00959
3,26.35,0.018201
2,36.9,0.006067
2,47.41,0.088844
2,31.51,0.004501
1,41.44,0.038751
2,39.72,0.01096
2,36.65,0.01233
2,39.47,0.008807
3,37.76,0.017214
3,28.63,0.038529
3,50.0,0.000196
3,25.4,0.027578
3,28.9,0.017018
3,30.24,0.03384
3,28.13,0.012712
3,32.33,0.042256
3,49.84,0.032275
2,44.03,0.022311
1,39.0,0.007633
2,51.83,0.027987
2,38.32,0.022115
3,43.33,0.010177
3,44.43,0.124046
1,53.28,0.103727
1,56.88,0.101156
2,36.17,0.013308
1,23.65,0.011938
2,48.05,0.033654
2,16.67,0.000391
3,25.52,0.00959
2,49.14,0.127364
2,40.0,0.010177
2,31.3,0.009981
3,46.24,0.0133
3,39.51,0.051632
2,32.45,0.011938
2,48.21,0.015657
2,49.38,0.007828
2,36.08,0.00685
1,28.68,0.008024
2,35.92,0.007241
2,39.13,0.049907
3,34.96,0.008416
2,41.82,0.024464
2,31.61,0.030914
1,34.63,0.01233
2,30.53,0.015657
1,20.09,0.010177
2,29.95,0.01096
1,21.26,0.007241
1,24.2,0.007437
2,30.62,0.008807
2,30.33,0.012526
2,41.51,0.015266
2,34.82,0.032488
1,59.92,0.022507
2,40.94,0.015461
2,43.77,0.03151
1,35.46,0.028378
1,48.01,0.037755
1,27.66,0.014287
2,57.58,0.040103
2,50.5,0.009981
2,41.9,0.015657
2,32.03,0.008024
2,28.92,0.004697
1,40.3,0.015853
2,51.93,0.036776
2,39.76,0.006458
1,41.43,0.026421
2,50.0,0.008416
2,56.25,0.015853
2,39.4,0.015266
2,45.64,0.013308
2,50.97,0.026225
1,37.15,0.091006
1,49.86,0.03151
1,50.46,0.022311
2,35.0,0.00685
3,48.09,0.061436
2,41.33,0.140681
2,37.04,0.005871
3,33.14,0.010568
3,43.5,0.01507
1,45.99,0.014483
1,47.69,0.038342
1,34.96,0.031118
2,38.77,0.073944
2,44.63,0.027586
2,37.36,0.006654
2,33.41,0.034641
2,38.96,0.048928
3,38.2,0.123299
3,28.44,0.018593
3,31.07,0.02329
3,30.91,0.006654
1,38.12,0.053038
1,40.88,0.012721
2,51.95,0.076328
1,32.91,0.02466
1,23.08,0.006458
2,41.18,0.00822
2,48.2,0.041687
2,45.89,0.020745
1,27.64,0.006654
1,47.54,0.011351
2,50.73,0.035032
1,26.54,0.018593
1,39.78,0.020158
2,23.76,0.011156
1,49.88,0.037968
1,50.91,0.154408
1,47.02,0.059888
1,47.67,0.17607
1,40.46,0.045601
2,42.16,0.049319
2,40.05,0.048732
2,41.41,0.03014
2,41.72,0.01233
2,42.59,0.093159
2,38.6,0.004306
2,52.13,0.03151
2,45.74,0.155591
1,36.04,0.021724
2,46.24,0.008416
2,47.02,0.052451
2,38.69,0.010373
2,42.52,0.024464
2,47.58,0.021137
2,48.34,0.025638
1,40.84,0.021333
2,31.43,0.006458
2,36.21,0.00822
2,38.83,0.047558
2,42.39,0.007633
2,42.52,0.073952
3,30.07,0.017409
3,37.2,0.018192
3,39.39,0.017801
3,40.27,0.034819
3,45.32,0.017997
2,25.67,0.036207
2,28.9,0.03562
1,57.32,0.017614
1,38.89,0.03425
3,36.71,0.038929
1,29.81,0.041295
1,39.3,0.021528
1,34.39,0.01507
2,37.39,0.013896
1,40.21,0.007633
3,28.43,0.01096
1,32.35,0.008611
2,28.99,0.017418
2,27.18,0.013504
3,33.9,0.038929
3,38.93,0.035797
2,48.77,0.034445
1,21.91,0.009003
2,38.65,0.019963
2,45.0,0.003523
2,45.6,0.011156
1,29.85,0.007828
1,31.34,0.00822
2,50.01,0.031705
3,27.61,0.01507
1,55.18,0.020941
1,55.95,0.221644
3,48.1,0.128191
3,38.77,0.013504
1,36.67,0.021528
2,56.2,0.008024
1,34.04,0.006263
1,57.57,0.026813
1,43.68,0.007437
3,47.91,0.01781
3,43.86,0.011156
2,50.0,0.012526
3,21.43,0.003523
2,51.19,0.008416
3,39.1,0.028378
1,44.34,0.022898
2,48.01,0.061062
1,38.46,0.005871
2,48.61,0.0274
1,41.82,0.004501
2,38.89,0.00822
3,41.48,0.025638
1,49.64,0.076915
2,52.78,0.003719
2,52.38,0.010764
1,32.59,0.011156
1,25.51,0.022507
3,36.97,0.006654
1,43.7,0.031901
2,47.93,0.011351
3,47.35,0.026225
1,53.85,0.00548
1,58.87,0.43489
1,50.75,0.177822
1,55.56,0.024455
1,49.23,0.043448
1,59.26,0.127755
1,44.29,0.006067
2,46.88,0.005871
3,40.02,0.025834
1,37.5,0.007633
2,38.33,0.004501
3,57.1,0.02603
3,51.39,0.014483
1,54.61,0.016244
1,53.99,0.121688
1,42.5,0.06769
1,55.6,0.23634
1,42.45,0.014287
2,52.38,0.006458
2,36.36,0.015657
2,47.14,0.006458
1,37.97,0.005871
3,44.6,0.011342
1,18.49,0.022898
2,27.13,0.00685
3,36.84,0.00274
1,36.22,0.013113
1,34.59,0.039925
2,47.67,0.051668
3,44.1,0.028556
3,40.96,0.033654
2,27.91,0.007046
2,33.53,0.012134
1,35.31,0.036207
1,32.16,0.038751
3,35.35,0.053598
1,38.38,0.03425
2,50.99,0.01507
2,41.44,0.023681
3,41.48,0.046579
3,33.26,0.052647
1,31.01,0.007828
1,50.43,0.057121
1,35.04,0.102544
1,33.79,0.108006
3,36.17,0.042452
3,38.72,0.078258
3,32.26,0.06027
1,43.43,0.200329
1,42.65,0.245183
1,39.95,0.050876
2,42.29,0.044427
2,41.52,0.02055
1,43.61,0.063989
1,31.04,0.02192
1,32.56,0.010764
1,27.27,0.024064
2,38.65,0.043252
2,39.95,0.021333
2,46.59,0.04166
2,47.41,0.114456
2,39.28,0.072004
1,29.77,0.021724
2,53.86,0.01918
3,41.51,0.045966
1,47.49,0.036972
3,38.49,0.015061
3,47.45,0.039916
2,27.52,0.016636
1,29.78,0.012526
1,42.96,0.023281
2,41.59,0.037185
1,35.3,0.055386
1,44.47,0.036189
1,45.48,0.016636
1,54.4,0.02055
2,29.31,0.003327
3,37.06,0.035815
1,35.62,0.005089
1,46.51,0.007828
1,30.68,0.009786
2,25.95,0.020158
3,13.45,0.01781
1,41.4,0.196833
1,31.34,0.061062
2,40.0,0.004306
2,19.32,0.003327
2,26.67,0.003131
2,39.7,0.130095
2,25.29,0.012917
1,51.64,0.027791
1,35.92,0.07985
1,39.84,0.009981
1,32.03,0.008024
2,31.03,0.001761
2,50.5,0.047727
2,37.14,0.005089
2,42.34,0.013504
2,32.83,0.012526
2,45.58,0.036385
1,36.84,0.00685
1,49.85,0.053038
1,46.0,0.004501
3,35.85,0.017605
2,38.8,0.103309
2,36.46,0.00685
3,26.21,0.00959
1,37.22,0.026217
3,55.75,0.007633
3,17.95,0.00411
2,50.0,0.00822
1,37.61,0.008611
1,31.2,0.014287
3,41.67,0.068472
3,36.14,0.041286
1,36.8,0.028369
3,36.77,0.152984
1,34.45,0.026217
2,42.75,0.01781
2,51.52,0.026412
2,43.65,0.026813
1,31.63,0.024073
1,35.89,0.0448
1,37.65,0.038742
2,52.25,0.025247
3,36.1,0.138511
2,43.44,0.019375
2,51.04,0.024464
2,39.31,0.024455
3,29.46,0.083569
3,23.28,0.012526
3,28.32,0.036794
1,24.37,0.016636
1,22.9,0.018005
1,36.5,0.02192
1,32.12,0.022115
1,38.12,0.023485
3,29.61,0.016048
3,30.2,0.018788
3,21.75,0.005871
3,38.07,0.018397
3,22.0,0.00822
1,33.35,0.019571
2,38.76,0.022898
2,37.61,0.020745
2,31.4,0.019963
2,37.42,0.020941
1,41.37,0.023877
1,41.96,0.022898
1,37.26,0.024268
1,48.59,0.02329
2,41.46,0.023681
2,36.57,0.020745
2,37.65,0.02055
2,32.01,0.062041
2,38.64,0.020941
2,32.21,0.018397
2,43.56,0.023094
2,35.77,0.021137
2,36.26,0.021137
2,33.35,0.02329
3,52.74,0.050867
3,37.93,0.091558
1,43.06,0.006067
1,29.74,0.048928
1,41.3,0.007437
1,40.65,0.034445
1,47.91,0.031118
2,37.59,0.010373
2,24.39,0.009786
2,33.63,0.007437
1,34.5,0.021333
1,25.47,0.01096
1,22.16,0.022898
1,32.54,0.010764
2,40.89,0.021528
3,44.33,0.032088
2,38.11,0.01096
2,49.11,0.010764
2,38.73,0.025834
1,34.5,0.023485
1,31.59,0.00822
1,28.18,0.019571
1,26.76,0.011156
1,55.1,0.005284
2,40.7,0.00685
1,48.87,0.021137
2,57.63,0.019963
2,53.23,0.019375
2,40.0,0.01096
3,47.39,0.008807
2,36.73,0.003523
1,43.97,0.342389
2,44.68,0.013113
2,37.29,0.008024
3,54.88,0.038333
2,41.09,0.010373
2,35.42,0.006654
2,40.26,0.026225
2,34.19,0.013308
1,29.45,0.016244
1,50.89,0.017223
3,40.03,0.040486
3,22.84,0.018593
2,34.48,0.007828
2,37.35,0.064585
2,,0.0
3,23.12,0.008416
1,41.32,0.009786
2,35.77,0.020158
2,33.35,0.023681
3,37.01,0.005284
2,37.6,0.021333
1,55.9,0.039916
1,50.0,0.070038
1,49.72,0.086273
1,34.73,0.048519
1,43.96,0.007828
1,40.39,0.01644
1,34.34,0.029161
1,60.46,0.059861
3,38.38,0.026208
1,44.58,0.007241
2,60.0,0.008807
2,27.29,0.005284
1,35.66,0.043048
1,44.64,0.025247
1,48.74,0.018593
3,34.47,0.029535
1,28.71,0.017418
2,30.45,0.02466
2,45.15,0.015461
1,29.36,0.032292
1,39.58,0.297091
3,41.12,0.033058
2,36.84,0.00685
3,40.68,0.025229
3,32.14,0.003523
1,39.49,0.041491
2,54.32,0.264932
1,35.56,0.025042
1,34.92,0.040103
3,46.81,0.004306
1,24.73,0.008611
1,36.96,0.009981
1,62.12,0.008024
1,21.92,0.007633
1,50.0,0.011156
1,55.0,0.01507
3,20.95,0.007828
1,52.34,0.03288
1,21.95,0.025638
1,41.75,0.047949
1,20.0,0.012526
2,52.34,0.043831
1,40.26,0.075136
1,43.53,0.011156
3,34.74,0.006458
3,46.72,0.023672
1,45.45,0.043039
2,41.66,0.02877
2,45.66,0.042256
2,46.67,0.036981
1,22.87,0.009394
1,44.36,0.044605
3,31.6,0.063998
1,39.22,0.027008
1,36.26,0.006458
3,48.02,0.009394
2,44.19,0.080998
1,32.7,0.016636
2,45.83,0.006458
3,36.7,0.02836
2,35.17,0.03151
1,26.42,0.0137
2,36.52,0.053225
3,38.02,0.035032
2,28.58,0.031705
1,29.49,0.045405
1,32.45,0.011938
2,49.36,0.045014
2,34.07,0.006067
1,30.55,0.018593
2,38.17,0.032488
2,37.72,0.026421
1,29.09,0.006263
2,32.79,0.023681
1,28.94,0.031705
2,44.45,0.09686
1,7.89,0.000587
1,37.86,0.010373
2,43.58,0.050476
2,54.0,0.010568
2,43.4,0.009003
1,43.98,0.03425
2,52.41,0.06398
2,38.7,0.012721
2,51.69,0.01507
2,53.94,0.041882
2,53.68,0.050298
1,47.56,1.469209
2,28.69,0.038164
3,43.2,0.052228
2,46.93,0.01644
2,37.93,0.01507
3,43.12,0.018388
3,41.4,0.027791
1,27.34,0.00685
3,46.65,0.028752
2,42.33,0.039338
3,40.87,0.028948
1,33.9,0.015853
1,27.93,0.023877
2,28.57,0.000391
1,23.75,0.003719
3,33.33,0.004501
2,35.34,0.040121
1,27.65,0.010764
1,29.74,0.010764
2,35.96,0.008024
2,38.94,0.042665
1,41.13,0.009981
1,38.71,0.009394
1,25.98,0.019375
2,44.81,0.058126
2,44.85,0.027987
2,51.27,0.027987
2,34.36,0.019571
1,51.39,0.007241
2,42.08,0.023877
3,51.13,0.013504
1,40.1,0.034054
1,45.57,0.007046
1,23.23,0.007046
2,41.38,0.043644
1,39.34,0.014091
2,35.58,0.013504
1,52.72,0.018984
1,47.44,0.036207
2,39.5,0.02466
2,38.24,0.007633
2,27.12,0.006263
2,42.99,0.009003
3,62.14,0.012526
2,25.22,0.016636
1,33.9,0.003914
2,33.33,0.004501
2,47.84,0.034445
1,29.49,0.052842
1,29.71,0.015461
1,32.76,0.011156
2,44.6,0.035424
1,33.33,0.008807
3,51.56,0.006458
2,21.18,0.003523
1,38.47,0.037185
2,35.38,0.028183
1,50.82,0.018788
3,36.87,0.012917
1,38.54,0.007241
3,46.56,0.022498
3,40.91,0.018005
1,47.43,0.030335
1,36.42,0.014678
2,22.84,0.009786
1,26.79,0.011743
3,38.71,0.004697
1,30.79,0.063802
1,37.99,0.048537
1,44.53,0.011938
1,40.78,0.360955
1,42.03,0.239454
1,41.63,0.256694
1,45.4,0.022115
2,26.38,0.088835
2,55.85,0.02055
2,39.2,0.01918
1,40.01,0.015266
3,38.82,0.025443
2,38.98,0.023485
2,45.05,0.053429
2,50.0,0.011547
2,45.45,0.010764
3,36.11,0.011938
2,36.23,0.078676
1,29.56,0.007633
1,37.84,0.01096
1,41.33,0.012134
2,49.21,0.012134
2,43.94,0.011351
2,54.2,0.013896
1,48.49,0.021724
2,50.21,0.07848
1,36.02,0.030727
1,46.65,0.032488
2,28.48,0.008807
2,25.63,0.050885
2,27.2,0.012134
1,31.1,0.016244
1,35.61,0.017418
2,20.75,0.002153
2,23.14,0.02192
2,40.21,0.007633
2,36.73,0.007046
1,31.91,0.008807
3,47.7,0.038537
3,37.85,0.02192
2,53.54,0.041687
2,23.12,0.010764
2,41.31,0.020941
2,44.13,0.018397
2,35.47,0.017418
2,50.38,0.013113
2,47.12,0.041295
1,50.24,0.063793
3,38.24,0.020354
1,26.3,0.009003
1,35.12,0.051472
1,53.27,0.011156
2,42.16,0.015266
1,36.96,0.006654
1,42.21,0.012721
2,47.69,0.02192
2,50.0,0.008416
2,43.77,0.03288
2,22.22,0.004697
2,51.22,0.01233
1,16.25,0.007437
3,31.74,0.02192
2,37.78,0.150698
2,53.13,0.051668
2,28.67,0.017614
3,35.35,0.11112
2,34.81,0.081372
3,33.06,0.023672
3,36.15,0.008416
3,42.26,0.00959
3,29.54,0.008611
3,35.78,0.049693
3,33.16,0.04891
3,40.64,0.025042
3,39.7,0.025629
3,24.02,0.015648
3,24.96,0.062984
3,32.5,0.012908
3,33.86,0.050076
3,22.95,0.017018
3,26.35,0.0133
3,32.12,0.015648
3,32.09,0.015257
3,37.25,0.014865
2,33.33,0.00959
3,25.99,0.010373
1,25.5,0.007437
2,36.45,0.015266
1,60.0,0.008807
1,37.62,0.007437
1,32.53,0.005284
1,13.27,0.005089
1,37.67,0.071043
1,29.32,0.006654
2,35.97,0.012526
1,36.84,0.00274
2,44.3,0.0137
2,29.52,0.027204
3,40.27,0.006458
1,41.68,0.0274
3,46.78,0.021324
3,35.88,0.071239
1,25.9,0.007046
1,32.78,0.107028
2,33.23,0.01781
2,46.21,0.12385
3,45.31,0.033066
1,50.11,0.055778
2,51.37,0.029944
1,27.22,0.015657
3,40.36,0.013896
1,27.45,0.00274
1,48.68,0.007241
3,32.18,0.010764
1,42.41,0.032684
1,,0.0
2,52.17,0.009394
2,45.94,0.008807
2,59.24,0.050298
1,37.34,0.082982
3,31.84,0.00959
2,36.22,0.034445
1,33.74,0.011156
3,32.93,0.020941
3,30.96,0.027987
1,44.08,0.049506
1,52.92,0.03014
1,41.12,0.027204
2,52.93,0.065759
1,45.52,0.096877
1,56.24,0.068108
3,35.8,0.036207
1,51.0,0.045014
1,30.21,0.005676
2,31.82,0.0137
2,37.14,0.007633
2,61.79,0.03288
3,38.67,0.011351
1,39.45,0.008416
1,41.61,0.03151
1,41.69,0.022507
1,39.76,0.006458
1,38.11,0.028183
2,35.59,0.00822
1,40.58,0.022703
2,46.83,0.011547
1,40.7,0.047949
2,38.06,0.018397
2,46.27,0.012134
1,27.15,0.007437
1,27.64,0.006654
1,20.01,0.006458
1,16.22,0.004697
3,27.85,0.012917
1,42.82,0.10314
1,26.83,0.004306
2,23.14,0.00548
2,30.65,0.014874
1,53.19,0.004893
2,39.36,0.01918
2,23.31,0.010764
2,45.31,0.005676
2,31.73,0.006458
3,50.0,0.001761
3,25.0,0.000196
2,,0.0
2,39.36,0.091789
1,48.98,0.009394
1,40.69,0.016636
2,38.65,0.018984
1,38.27,0.006067
2,32.17,0.028574
2,25.0,0.000196
1,45.9,0.00548
1,18.79,0.006654
1,50.0,0.000196
1,38.6,0.016244
1,21.95,0.003523
2,51.38,0.046748
1,43.34,0.01781
2,34.67,0.032684
1,33.94,0.011351
2,36.85,0.00959
3,31.73,0.009003
2,37.43,0.010764
1,32.5,0.005089
3,39.43,0.010568
2,47.93,0.015657
2,38.57,0.005284
1,29.53,0.015657
1,28.53,0.020158
2,45.5,0.043448
2,45.27,0.01781
3,25.0,0.004306
2,32.0,0.034623
2,55.75,0.02192
1,37.95,0.01233
3,40.82,0.003914
1,28.15,0.014483
2,43.58,0.081416
2,46.92,0.025247
2,48.2,0.075349
2,40.23,0.070839
2,52.04,0.070261
2,36.44,0.008416
2,37.33,0.00548
2,44.93,0.057735
1,33.55,0.010373
3,46.68,0.01918
2,43.43,0.014874
2,39.94,0.078676
2,38.1,0.007828
2,33.22,0.015853
1,38.95,0.044418
2,45.14,0.026225
3,25.86,0.002936
3,36.0,0.001761
1,41.57,0.125807
1,32.33,0.008416
1,25.8,0.00959
1,30.23,0.010177
1,34.96,0.008416
2,30.21,0.005676
1,44.25,0.046579
1,23.37,0.017418
1,48.31,0.008416
1,25.87,0.007241
2,40.62,0.007633
1,27.1,0.005676
1,31.18,0.005676
2,45.65,0.01644
1,30.5,0.011156
3,36.21,0.011547
3,54.12,0.009003
1,39.8,0.007633
2,35.96,0.008024
2,55.1,0.021137
1,33.2,0.015853
2,62.93,0.014287
2,42.42,0.00822
3,40.62,0.01781
2,40.32,0.039142
1,36.94,0.008024
2,31.81,0.016244
1,33.72,0.022694
2,37.62,0.007437
2,41.97,0.015853
2,39.9,0.01507
2,25.71,0.001761
1,,0.0
1,28.64,0.015853
3,37.12,0.035806
1,45.94,0.012134
1,34.14,0.016636
1,30.11,0.01096
2,43.34,0.020354
2,35.71,0.028574
2,43.48,0.003914
2,34.67,0.037381
2,35.86,0.014874
2,33.61,0.007828
1,41.06,0.016636
1,34.53,0.022507
1,47.44,0.007241
1,37.66,0.105062
1,39.39,0.007633
2,39.86,0.034641
1,49.16,0.027791
3,47.1,0.033262
1,42.47,0.032488
2,39.95,0.026421
2,36.87,0.050494
1,34.07,0.172155
1,47.72,0.042861
2,37.69,0.020354
2,38.85,0.045601
2,,0.0
2,35.89,0.029357
2,31.06,0.008024
1,33.33,0.011938
1,26.28,0.008024
1,49.16,0.016831
2,34.22,0.040699
1,35.51,0.00959
1,22.67,0.003327
1,44.86,0.022115
2,48.12,0.027204
1,38.89,0.00685
3,35.11,0.010373
1,36.76,0.033662
1,32.37,0.025834
1,31.06,0.02466
1,33.47,0.016636
2,34.38,0.002153
2,42.87,0.018788
2,39.99,0.117196
2,53.17,0.075545
2,42.11,0.01096
2,33.89,0.028574
2,42.74,0.037381
2,33.12,0.018788
3,34.96,0.023877
1,34.15,0.00548
1,23.48,0.006067
1,27.06,0.02192
1,18.57,0.005089
1,34.42,0.042078
2,36.76,0.026617
1,35.98,0.016048
1,44.26,0.030914
1,34.62,0.014091
1,31.19,0.032097
1,29.55,0.007633
2,50.0,0.00822
3,43.88,0.041295
1,29.17,0.01096
3,19.87,0.011156
1,30.36,0.009981
1,37.7,0.014091
2,44.01,0.023681
2,41.34,0.018201
2,36.29,0.008807
1,33.81,0.038164
3,33.51,0.013113
3,43.65,0.039534
3,53.66,0.030335
3,28.29,0.019375
3,34.44,0.038751
3,35.49,0.012917
3,29.11,0.009003
3,46.08,0.038947
1,34.41,0.043839
1,24.33,0.008807
2,25.69,0.007241
1,34.21,0.010177
1,45.95,0.009981
2,33.05,0.015266
1,28.3,0.019375
2,40.83,0.275287
2,27.95,0.007437
2,37.1,0.094725
2,35.44,0.01644
1,53.39,0.044818
1,49.01,0.033858
2,36.15,0.009198
1,47.13,0.008024
1,37.72,0.008416
2,45.86,0.016244
2,45.9,0.082982
2,38.04,0.00685
3,43.23,0.159505
1,28.75,0.009003
2,42.0,0.00822
2,47.5,0.014874
1,47.5,0.027791
2,48.18,0.012917
2,56.16,0.037577
2,47.84,0.032292
2,51.21,0.055191
2,36.21,0.014874
2,39.4,0.014874
2,31.92,0.035032
2,24.39,0.001957
2,25.81,0.014287
2,42.69,0.02055
3,24.21,0.004501
1,47.95,0.00685
2,32.0,0.013896
2,28.92,0.004697
2,43.81,0.028378
3,36.57,0.015452
1,57.08,0.019767
2,38.04,0.00685
2,36.54,0.007437
2,52.93,0.155547
1,45.57,0.007046
1,23.87,0.031705
3,34.56,0.049488
1,32.63,0.006067
1,44.77,0.03425
1,23.79,0.022898
3,39.42,0.005089
1,39.76,0.042469
2,26.07,0.024073
3,33.87,0.00411
1,45.63,0.016244
1,43.09,0.585561
2,36.96,0.006654
1,42.52,0.030531
2,40.97,0.051472
2,26.92,0.00959
1,31.94,0.010373
1,51.26,0.020158
2,41.72,0.013308
3,44.05,0.02973
3,43.57,0.03384
1,43.81,0.026225
1,29.07,0.008416
3,34.65,0.013896
1,49.14,0.021528
2,41.83,0.123654
2,54.1,0.018201
2,66.94,0.032488
2,42.94,0.014874
3,37.74,0.027987
1,49.09,0.010568
2,38.93,0.018584
1,51.87,0.046775
3,33.33,0.002349
2,52.55,0.038555
2,32.84,0.004306
2,40.7,0.00685
1,35.86,0.015853
1,48.03,0.021528
1,34.51,0.013504
1,47.17,0.024464
2,21.8,0.005676
2,44.47,0.060644
1,40.29,0.011351
2,26.67,0.008611
1,34.44,0.006067
2,36.8,0.013896
1,33.8,0.004697
2,30.69,0.010568
1,35.92,0.024464
2,34.61,0.053234
3,38.51,0.04166
2,49.11,0.026813
1,29.55,0.005089
3,41.4,0.01507
2,38.55,0.006263
1,42.23,0.065937
2,,0.0
2,47.37,0.029748
2,42.14,0.101966
1,40.2,0.052059
2,29.52,0.006067
1,41.57,0.007241
2,33.82,0.004501
1,34.98,0.013896
2,47.5,0.014874
1,32.14,0.008807
2,50.46,0.021333
1,40.53,0.317116
1,44.21,0.00822
1,48.11,0.062023
1,49.68,0.041491
1,58.9,0.01233
3,28.77,0.00411
1,30.48,0.006263
1,42.11,0.006263
1,32.46,0.007241
1,47.19,0.00822
1,38.41,0.161018
1,52.36,0.015266
2,48.65,0.007046
1,23.3,0.004697
2,41.23,0.009198
1,46.43,0.007633
2,50.0,0.005089
2,42.25,0.005871
1,45.45,0.005871
1,71.43,0.002936
2,31.38,0.044008
1,31.3,0.007046
2,47.5,0.03699
3,48.72,0.007437
2,55.06,0.017027
3,37.76,0.018397
2,47.81,0.027791
3,41.59,0.056143
1,43.0,0.008416
2,44.21,0.00822
1,41.05,0.015266
1,45.12,0.007241
1,55.0,0.014091
1,29.53,0.02877
2,31.79,0.009394
1,29.14,0.009981
2,44.86,0.009394
3,37.66,0.023868
2,39.51,0.012526
3,38.67,0.035406
1,23.12,0.008416
3,40.98,0.03247
1,26.92,0.00822
1,39.26,0.012526
2,30.69,0.016636
3,39.88,0.028165
2,38.14,0.008807
3,35.24,0.018201
3,41.19,0.03384
2,32.15,0.015853
1,59.33,0.044222
2,26.36,0.015266
1,40.29,0.01096
3,32.45,0.03384
3,45.41,2.762687
3,44.46,0.036794
1,43.03,0.03014
1,44.86,0.152646
1,48.48,0.009394
1,45.65,0.014287
2,47.74,0.018593
2,47.01,0.01233
2,49.58,0.023094
2,35.85,0.007437
1,36.22,0.046775
2,40.41,0.015266
1,41.89,0.064576
2,48.24,0.016048
2,56.56,0.026225
3,18.55,0.004501
2,28.53,0.014287
1,41.78,0.014874
2,34.14,0.008416
1,25.0,0.003523
1,25.34,0.007633
1,33.82,0.0137
2,40.85,0.011351
1,15.09,0.005284
1,25.98,0.009198
1,36.41,0.028574
2,44.7,0.019767
1,46.85,0.010177
1,43.67,0.033075
2,41.24,0.039142
2,39.16,0.115666
2,44.59,0.101966
2,32.16,0.037185
3,37.14,0.007633
1,22.63,0.016831
2,27.71,0.004501
1,28.06,0.007633
2,36.94,0.008024
2,42.97,0.010764
2,41.0,0.027595
3,49.12,0.021137
2,46.36,0.0274
1,24.0,0.005871
3,50.48,0.041678
1,34.71,0.011547
1,27.01,0.009198
3,35.74,0.017409
2,42.86,0.005871
3,36.43,0.019171
1,30.21,0.005676
2,54.76,0.004501
3,41.72,0.142265
3,35.76,0.180055
3,41.69,1.400426
3,50.16,0.030335
1,42.61,0.00959
2,26.13,0.0137
2,21.39,0.012134
3,52.48,0.057708
2,38.78,0.033458
3,28.71,0.017018
3,45.62,0.036598
2,35.25,0.060279
1,28.23,0.00685
1,29.71,0.011743
2,38.7,0.012721
3,37.53,0.046766
2,44.03,0.019375
1,36.71,0.025638
3,27.07,0.019171
3,31.69,0.034036
3,39.47,0.002936
3,,0.0
3,54.79,0.009003
3,46.26,0.031492
2,45.98,0.07494
2,47.92,0.137336
2,38.46,0.003914
2,41.11,0.062014
1,29.69,0.007437
2,35.74,0.018388
3,47.5,0.020158
1,27.35,0.022898
3,40.06,0.251294
2,42.3,0.06438
2,32.76,0.003719
1,42.45,0.064781
2,41.67,0.007828
2,43.19,0.018005
1,39.31,0.024073
1,66.67,0.000391
1,21.88,0.00548
3,35.8,0.022694
1,33.33,0.007241
2,49.44,0.008611
1,36.46,0.028174
1,54.72,0.005676
1,32.5,0.022889
1,26.56,0.006654
2,36.93,0.020745
3,27.19,0.018192
1,36.36,0.00548
1,33.94,0.007241
1,28.74,0.004893
2,31.33,0.005089
2,28.8,0.007437
1,25.0,0.000196
2,42.27,0.008024
2,37.5,0.010568
2,52.63,0.007828
2,29.02,0.018788
1,40.52,0.015853
1,26.01,0.010177
2,55.13,0.008416
2,39.45,0.022694
2,39.92,0.161436
2,51.25,0.008024
2,41.0,0.024064
1,43.53,0.091397
2,44.71,0.027204
3,29.21,0.016627
1,27.04,0.008416
3,34.35,0.017605
3,45.04,0.036394
1,49.23,0.06221
1,52.46,0.006263
1,40.8,0.069282
2,54.17,0.002544
1,39.02,0.012526
3,36.63,0.016627
1,39.3,0.371168
3,24.4,0.009786
3,38.77,0.032079
2,38.25,0.025443
2,38.41,0.189956
1,43.12,0.038555
2,33.75,0.010764
2,34.95,0.046971
2,48.25,0.010764
3,43.78,0.031688
3,46.16,0.02836
3,20.89,0.040708
1,39.7,0.014678
1,33.49,0.01507
1,35.83,0.058883
1,35.23,0.015853
1,21.32,0.018397
2,21.53,0.010568
2,46.84,0.046179
2,39.28,0.018593
2,40.53,0.018397
3,45.36,0.024847
1,25.93,0.00411
3,52.84,0.009198
1,35.29,0.007046
2,40.0,0.009003
2,31.67,0.037381
2,54.08,0.010373
2,0.0,0.0
2,59.55,0.010373
2,36.81,0.028378
1,42.34,0.043822
2,29.33,0.008611
1,24.75,0.004893
2,54.48,0.050102
2,39.71,0.020354
1,32.37,0.006458
2,28.29,0.029944
1,28.46,0.00685
3,35.35,0.025033
3,40.74,0.037381
1,61.76,0.00822
3,37.62,0.022889
2,51.31,0.0274
1,24.82,0.013504
2,43.1,0.009786
2,46.58,0.006654
2,54.67,0.016048
2,48.53,0.071212
1,33.15,0.021333
3,50.11,0.045192
1,41.8,0.128956
1,28.84,0.030531
2,46.67,0.032684
1,38.73,0.021137
1,42.7,0.015461
1,46.1,0.017223
2,51.87,0.040495
1,44.16,0.022115
2,39.01,0.010764
1,28.4,0.016831
2,55.42,0.009003
1,45.0,0.003523
1,32.73,0.007046
2,48.51,0.025443
2,40.23,0.181354
1,40.98,0.009786
1,35.95,0.032292
2,45.63,0.015266
2,52.27,0.004501
2,25.41,0.009394
1,39.81,0.008416
3,50.43,0.046188
2,46.51,0.007828
2,48.06,0.137167
1,35.08,0.040904
2,44.64,0.004893
2,37.97,0.033662
3,50.0,0.000196
1,53.92,0.010764
2,37.34,0.027987
1,31.25,0.017614
2,35.16,0.012526
2,52.22,0.009198
1,35.85,0.015853
2,37.5,0.005284
1,20.69,0.002349
2,43.75,0.00685
2,33.33,0.000196
2,35.71,0.005871
1,41.51,0.025825
2,48.28,0.016244
2,37.46,0.03562
3,51.3,0.04617
2,54.55,0.023485
2,35.14,0.114616
3,51.25,0.024064
3,31.09,0.012712
1,55.63,0.015461
1,55.26,0.01233
1,36.03,0.00959
3,31.33,0.019367
3,37.05,0.036972
3,34.88,0.03521
1,23.53,0.006263
2,38.83,0.007828
2,45.19,0.011938
2,45.16,0.045592
2,35.0,0.0137
2,37.62,0.007437
2,52.28,0.121724
2,48.88,0.080616
2,44.73,0.131118
2,71.11,0.006263
1,38.97,0.052842
2,34.69,0.011743
1,27.78,0.005871
2,33.87,0.008611
3,41.88,0.021137
3,39.59,0.071017
2,31.03,0.005284
2,46.39,0.008807
2,32.67,0.006458
2,33.56,0.00959
3,43.56,0.123645
2,41.58,0.054986
2,49.86,0.035602
1,43.13,0.033662
1,33.06,0.046366
1,33.33,0.032275
2,49.23,0.044017
2,46.05,0.026217
2,50.49,0.064194
2,38.84,0.020745
2,46.91,0.013308
1,30.97,0.00685
3,25.99,0.036011
1,30.75,0.019375
3,42.36,0.060244
2,29.63,0.001566
3,44.34,0.043635
2,31.47,0.008807
2,38.64,0.038929
1,41.35,0.015853
2,36.02,0.033262
1,49.45,0.035602
1,,0.0
2,55.63,0.015461
1,48.28,0.016244
2,40.74,0.004306
1,66.1,0.007633
3,36.97,0.006654
2,32.0,0.006263
2,42.66,0.12095
1,37.89,0.029944
2,39.82,0.031705
2,53.95,0.016048
1,36.62,0.032097
1,42.8,0.021519
1,29.53,0.030335
2,49.28,0.019963
2,,0.0
2,36.36,0.003131
2,42.99,0.018593
2,49.71,0.017027
2,40.93,0.037968
2,50.01,0.038742
2,53.47,0.010568
2,39.52,0.00959
2,46.58,0.013308
2,58.58,0.062227
2,37.58,0.025443
1,36.96,0.006654
2,36.68,0.052451
2,40.0,0.001957
2,41.87,0.154612
2,50.54,0.018397
2,45.65,0.02055
2,29.2,0.047362
1,18.42,0.00822
3,34.42,0.035415
1,23.47,0.01644
1,58.35,0.072609
2,46.43,0.025443
2,40.02,0.017223
2,35.76,0.051081
2,39.72,0.01096
1,44.44,0.011743
1,34.51,0.007633
1,37.5,0.009981
2,45.65,0.01644
2,37.8,0.018788
1,31.22,0.029748
1,48.98,0.004697
2,59.41,0.074762
2,36.05,0.006067
2,43.88,0.016831
1,34.51,0.007633
3,29.39,0.01507
1,43.92,0.053625
1,41.48,0.019963
1,51.32,0.007633
2,49.28,0.902926
1,38.04,0.024268
1,30.67,0.009003
2,34.57,0.023877
2,48.86,0.020354
2,42.71,0.022311
1,,0.0
1,46.95,0.018005
2,49.27,0.032292
1,34.15,0.011156
1,35.98,0.008024
2,43.62,0.016048
1,36.83,0.059301
2,50.56,0.081808
2,52.01,0.058518
2,42.93,0.016048
1,,0.0
3,29.08,0.009786
2,48.42,0.03562
2,46.15,0.045797
2,48.91,0.013113
2,40.11,0.029357
2,33.33,0.002544
2,34.78,0.006263
3,40.0,0.007437
2,46.48,0.006458
2,38.1,0.007828
2,39.09,0.008416
1,48.19,0.018201
2,32.71,0.027204
1,46.71,0.031901
2,58.97,0.009003
1,25.26,0.004697
2,47.74,0.047344
3,33.82,0.004697
1,27.33,0.010373
1,30.15,0.076328
2,37.41,0.016244
1,42.16,0.008416
2,25.83,0.006067
2,44.25,0.009786
2,42.56,0.026225
2,46.01,0.024855
1,38.37,0.006458
1,40.74,0.033467
2,50.0,0.000196
1,29.95,0.012134
3,19.61,0.001957
2,33.33,0.010764
2,25.81,0.004697
1,41.94,0.005089
2,44.38,0.013113
2,46.01,0.021333
2,46.12,0.016244
1,44.67,0.013113
2,35.54,0.016831
2,42.57,0.01233
1,33.65,0.00685
2,36.89,0.052033
3,51.22,0.00822
3,42.74,0.044987
3,36.59,0.036794
3,39.29,0.019375
1,44.61,0.201966
2,29.46,0.020354
1,39.0,0.042274
1,45.05,0.009786
2,40.64,0.014874
1,25.22,0.005676
1,30.08,0.021137
2,33.6,0.016831
2,52.65,0.015657
2,37.83,0.008807
1,27.5,0.015657
2,43.04,0.021724
1,20.58,0.011156
2,21.53,0.012134
1,31.34,0.01233
2,36.67,0.008611
2,35.91,0.018201
2,55.97,0.017418
1,33.16,0.022898
2,38.45,0.058518
3,35.88,0.031305
3,56.04,0.038146
2,44.83,0.027987
2,30.65,0.053598
1,31.4,0.005284
1,51.64,0.06769
1,55.34,0.019375
1,44.35,0.029152
2,71.76,0.011938
1,41.38,0.009394
1,22.8,0.018201
2,29.8,0.051472
1,40.73,0.024073
1,41.14,0.012721
1,39.47,0.047558
2,40.08,0.050885
2,49.32,0.007046
1,30.44,0.030727
3,30.74,0.016244
3,21.43,0.000587
1,52.39,0.05165
1,42.59,0.012917
1,32.53,0.012917
1,50.15,0.035228
2,41.3,0.033858
1,49.74,0.018984
2,43.58,0.053803
1,40.0,0.009394
3,35.85,0.028965
1,42.08,0.011938
1,26.49,0.014874
3,37.51,0.011743
2,43.54,0.012526
2,45.85,0.0411
1,31.43,0.008611
2,30.18,0.036794
1,36.03,0.026225
3,45.43,0.034036
2,33.53,0.01096
2,46.7,0.026217
3,37.91,0.045387
3,47.59,0.057717
3,41.97,0.027586
3,34.2,0.081968
3,35.68,0.028761
1,39.96,0.026421
2,39.95,0.021333
2,41.92,0.020745
1,28.18,0.026412
2,43.0,0.01918
1,32.66,0.025238
1,36.04,0.042656
1,45.59,0.026225
1,34.27,0.021724
1,33.19,0.0137
2,41.98,0.013308
1,46.46,0.011547
1,40.62,0.036002
1,43.88,0.056748
2,43.45,0.01233
2,50.41,0.012134
2,53.42,0.033654
2,28.38,0.00822
1,36.48,0.03562
3,41.4,0.028183
2,37.56,0.014483
2,31.64,0.014483
2,53.99,0.057344
2,41.83,0.030531
2,34.1,0.014483
2,34.12,0.017027
2,24.2,0.013113
1,34.9,0.040495
1,42.42,0.045975
2,41.87,0.041286
1,45.0,0.028965
1,37.69,0.00959
1,50.0,0.003914
2,53.9,0.041865
2,44.91,0.085491
2,43.54,0.032284
2,40.65,0.009786
1,39.17,0.009198
2,41.48,0.02192
1,49.24,0.0448
1,39.82,0.017223
2,41.75,0.02329
2,42.65,0.020941
2,51.36,0.044818
2,31.25,0.003914
3,33.82,0.009003
1,45.77,0.035815
3,51.15,0.026617
2,38.7,0.026421
2,45.57,0.057148
2,52.84,0.02192
1,43.41,0.01096
1,33.69,0.01233
2,40.21,0.015266
1,47.47,0.060084
3,41.31,0.017223
3,29.66,0.0137
2,45.89,0.025051
2,58.89,0.057148
2,40.53,0.021333
2,38.68,0.008024
2,28.02,0.012721
2,42.07,0.022311
1,51.85,0.137354
1,46.79,0.207597
1,34.69,0.033662
1,44.1,0.016831
1,41.93,0.0274
1,49.69,0.045405
1,54.52,0.114652
1,30.8,0.022115
1,45.17,0.060084
1,37.38,0.047531
2,45.65,0.00411
2,51.64,0.040512
2,46.1,0.048341
2,42.68,0.018201
1,47.54,0.005676
3,37.37,0.05673
1,33.66,0.296806
1,35.98,0.027595
1,32.51,0.017614
3,24.2,0.030531
3,32.35,0.01507
2,35.13,0.016636
2,36.47,0.012134
2,47.13,0.095899
3,37.81,0.049124
2,57.72,0.049907
2,54.57,0.080811
2,49.59,0.034837
2,51.26,0.019963
1,45.47,0.036207
1,63.29,0.064754
1,74.88,0.03384
1,48.37,0.086683
1,57.26,0.013113
1,39.92,0.049124
3,37.29,0.004306
1,43.15,0.01233
1,54.2,0.013896
1,47.28,0.069834
1,48.78,0.368196
1,41.43,0.016048
3,41.24,0.023485
3,46.12,0.031314
3,32.77,0.015266
2,43.92,0.012721
2,42.37,0.004893
3,42.96,0.011938
3,38.67,0.019375
3,34.03,0.051864
3,35.77,0.076906
1,29.27,0.011743
2,50.53,0.086309
1,35.59,0.00411
3,41.28,0.008807
3,58.33,0.00137
3,30.19,0.018788
2,40.67,0.085704
1,44.23,0.004501
2,46.74,0.016831
1,42.59,0.018005
2,49.1,0.052255
2,48.84,0.01644
1,45.62,0.039721
2,52.7,0.007633
2,39.71,0.010568
2,45.26,0.02055
3,53.79,0.018201
2,29.9,0.022115
2,40.23,0.038164
2,43.43,0.021333
1,,0.0
1,49.29,0.033458
1,44.32,0.047949
2,31.22,0.022115
1,54.89,0.029748
2,55.08,0.198585
2,48.4,0.020745
2,38.43,0.077297
3,51.92,0.195667
1,,0.0
3,32.8,0.03562
3,39.6,0.034641
2,55.51,0.025638
2,55.56,0.007828
2,44.34,0.009198
1,30.71,0.019767
1,34.11,0.008611
1,46.84,0.018788
1,57.13,0.044818
2,60.91,0.052451
1,43.22,0.055974
1,38.93,0.029553
2,42.4,0.010373
2,47.14,0.020941
2,47.82,0.084939
3,35.9,0.00822
2,50.74,0.027791
2,56.27,0.059665
3,53.01,0.008611
3,34.72,0.032684
3,35.12,0.015461
2,57.43,0.011351
3,25.29,0.008611
3,45.59,0.057344
2,47.06,0.006263
3,44.65,0.018788
3,38.39,0.032292
3,53.7,0.011351
1,31.2,0.055974
1,46.39,0.018788
2,41.09,0.065359
2,56.83,0.039133
3,38.71,0.002349
1,39.64,0.013113
2,49.42,0.016636
1,48.0,0.021128
1,30.21,0.008807
1,44.08,0.025443
1,28.77,0.012721
3,38.46,0.017614
3,33.46,0.037772
3,66.67,0.000391
2,50.83,0.060671
1,42.81,0.253545
1,36.45,0.007633
3,44.37,0.073196
2,49.21,0.145183
2,48.92,0.141277
1,40.58,0.00548
3,38.22,0.045992
3,35.56,0.003131
3,40.59,0.032097
1,38.24,0.021324
3,47.47,0.009198
2,54.92,0.026225
1,41.08,0.018005
1,38.13,0.16277
1,36.84,0.00548
2,50.92,0.088061
2,52.7,0.117223
3,37.96,0.014483
1,40.39,0.024268
3,36.0,0.007046
1,32.55,0.010764
2,48.72,0.096459
2,54.11,0.02192
2,38.95,0.033467
1,35.86,0.029748
3,34.91,0.016048
2,23.47,0.00822
1,37.84,0.00548
1,37.31,0.004893
2,34.91,0.007241
1,34.28,0.00959
3,40.3,0.031314
2,34.91,0.007241
2,41.13,0.009981
2,25.58,0.006458
2,30.97,0.017027
1,22.76,0.01781
3,40.87,0.016636
2,61.79,0.014874
1,,0.0
1,25.99,0.042861
3,35.29,0.003523
3,47.42,0.027008
1,26.83,0.017223
2,31.18,0.011351
1,39.46,0.011351
2,53.44,0.05165
1,20.45,0.007046
1,31.19,0.006654
1,41.09,0.019375
2,26.32,0.003914
2,40.51,0.089636
1,34.76,0.024073
2,31.06,0.024073
2,39.16,0.036402
2,41.05,0.031314
1,45.45,0.016636
2,33.87,0.00822
1,25.99,0.015461
1,51.76,0.020158
2,50.68,0.021724
2,50.52,0.018984
1,31.45,0.02055
1,30.11,0.00548
1,28.18,0.009981
1,30.01,0.008807
2,32.0,0.051081
1,37.5,0.006458
1,29.61,0.008807
2,39.22,0.007828
1,28.75,0.004501
2,28.33,0.006263
2,40.15,0.010373
1,46.15,0.004697
3,35.02,0.059888
2,39.61,0.015657
1,35.66,0.009981
3,20.45,0.010764
1,27.16,0.012917
3,34.65,0.008611
3,26.79,0.005871
2,33.7,0.006067
2,52.62,0.078676
2,48.51,0.00959
2,22.94,0.004893
1,53.9,0.040699
3,35.08,0.010568
1,52.24,0.00685
1,47.65,0.39677
1,49.18,0.053403
3,46.28,0.01096
2,56.94,0.040121
2,48.2,0.013113
2,52.89,0.039338
3,36.54,0.003719
1,46.08,0.089609
1,49.91,0.045983
1,43.2,0.018593
3,54.74,0.010177
3,50.92,0.032079
3,46.25,0.007241
1,35.48,0.076497
1,26.6,0.018788
1,34.25,0.022115
3,16.42,0.006458
2,38.55,0.03288
3,46.87,0.032275
2,38.74,0.013113
3,60.93,0.035406
3,51.96,0.06261
2,46.31,0.087875
2,42.18,0.06164
2,39.2,0.015266
2,32.55,0.026617
1,35.55,0.025247
3,62.72,0.065154
1,48.97,0.013896
1,49.56,0.032871
1,41.45,0.02603
3,50.09,0.057326
2,39.1,0.028378
2,52.36,0.041295
1,46.13,0.056952
2,54.65,0.118406
1,40.73,0.05673
1,31.89,0.025834
2,44.08,0.0589
2,39.29,0.01507
1,48.15,0.010177
3,32.4,0.040308
3,38.39,0.039125
2,53.5,0.03288
2,42.4,0.029944
1,39.91,0.016636
2,43.36,0.045992
1,53.85,0.00685
3,23.5,0.00685
1,52.0,0.152602
2,39.84,0.00959
1,27.66,0.007633
2,29.82,0.006654
3,37.19,0.008807
2,50.94,0.010568
2,28.85,0.012526
2,32.87,0.077671
2,53.26,0.006458
2,33.12,0.010373
3,30.59,0.025434
2,100.0,0.000196
3,50.88,0.03384
2,41.67,0.010764
1,43.31,0.026617
2,32.93,0.005284
2,28.67,0.008024
1,40.17,0.060671
1,21.31,0.007046
1,23.25,0.022703
1,30.27,0.025051
2,44.63,0.026804
2,36.84,0.00822
1,21.5,0.027008
2,32.21,0.012917
1,39.15,0.01233
2,33.98,0.041491
1,37.35,0.043626
3,37.67,0.010764
1,44.23,0.036598
1,30.01,0.009981
2,36.68,0.012917
2,51.91,0.021528
2,28.8,0.034641
1,40.1,0.015461
2,31.77,0.010568
2,38.98,0.009003
2,42.04,0.049907
1,31.16,0.008416
2,42.64,0.020354
1,27.3,0.020354
1,39.68,0.024073
2,29.87,0.004501
1,37.21,0.003131
1,42.43,0.03014
1,38.39,0.021333
1,40.21,0.024464
1,37.11,0.007046
1,36.62,0.010177
2,44.37,0.036981
1,29.2,0.007828
1,44.19,0.067521
2,43.09,0.035228
2,23.75,0.014874
2,26.58,0.00822
1,35.87,0.006458
1,31.05,0.018593
1,45.36,0.008611
2,33.33,0.006263
3,37.89,0.017418
2,36.87,0.033467
3,39.19,0.016636
2,45.12,0.020745
2,40.43,0.007437
1,41.02,0.016048
1,53.61,0.010177
2,40.78,0.00822
3,37.72,0.135628
2,45.25,0.011156
1,44.76,0.018388
2,36.12,0.027204
1,52.23,0.057522
1,47.86,0.013113
1,37.23,0.00685
1,56.25,0.003523
3,25.0,0.004306
1,28.46,0.00685
1,37.99,0.030335
1,28.33,0.006654
2,34.4,0.062041
2,34.15,0.00822
2,40.0,0.017223
2,39.36,0.009394
2,52.96,0.029944
2,47.56,0.015266
1,47.95,0.00685
1,36.32,0.013504
2,42.37,0.009786
1,50.0,0.012526
2,40.09,0.018984
3,36.7,0.059888
3,58.49,0.006067
3,57.02,0.024651
2,24.75,0.009198
2,37.3,0.03014
1,43.27,0.034445
3,48.19,0.026021
3,39.72,0.022302
2,36.84,0.00548
2,57.4,0.086691
1,44.38,0.868765
2,46.55,0.005284
1,41.94,0.005089
2,34.01,0.009981
1,26.83,0.002153
1,40.27,0.040512
2,17.19,0.004306
1,21.44,0.012917
1,24.14,0.01507
2,35.9,0.10999
1,34.07,0.009003
1,44.52,0.045209
2,44.03,0.03973
2,36.44,0.017614
2,34.49,0.017614
2,48.78,0.015657
3,46.58,0.013308
2,42.74,0.018397
2,41.67,0.003914
1,42.09,0.065955
1,35.87,0.017614
3,21.65,0.007241
2,29.08,0.031705
2,47.01,0.01233
2,46.76,0.012721
2,31.76,0.005284
1,33.33,0.003327
2,37.95,0.016636
1,25.41,0.012134
1,27.24,0.02329
3,34.16,0.045992
1,43.73,0.017027
1,24.51,0.004893
1,21.49,0.005089
1,38.17,0.029357
2,38.05,0.024268
3,37.41,0.032275
3,50.0,0.001174
2,29.69,0.018005
2,34.55,0.003719
2,41.68,0.048928
2,37.23,0.018788
2,33.94,0.007241
1,42.97,0.010764
3,26.24,0.014483
2,49.61,0.024855
1,26.04,0.007437
3,48.38,0.067289
2,,0.0
1,44.39,0.038751
1,46.34,0.014874
2,42.81,0.020941
3,44.62,0.026804
3,32.55,0.021333
3,41.28,0.008807
3,39.84,0.045209
3,49.59,0.011743
3,63.68,0.00822
2,45.71,0.006263
2,53.85,0.00137
1,40.36,0.032684
1,48.84,0.00822
2,33.71,0.005871
1,35.65,0.057539
2,34.33,0.031901
1,38.62,0.01096
1,36.99,0.005284
2,52.32,0.024268
2,55.88,0.007437
3,24.57,0.022107
1,45.0,0.01233
2,37.79,0.009981
1,34.71,0.00822
1,,0.0
2,45.25,0.072218
2,53.68,0.124259
2,40.66,0.122106
3,34.39,0.029535
1,48.37,0.157477
2,39.78,0.02055
2,55.56,0.016636
3,20.64,0.014091
2,40.16,0.020745
2,37.28,0.044427
1,49.53,0.060084
2,39.84,0.079263
2,32.33,0.010373
3,27.68,0.023663
1,46.67,0.00685
1,40.53,0.042274
1,49.22,0.018201
2,38.13,0.010373
2,47.02,0.055386
3,28.27,0.023672
1,55.45,0.430237
2,50.34,0.014287
2,41.97,0.016831
3,24.61,0.006067
1,33.49,0.028965
1,41.35,0.008416
2,28.57,0.005089
2,42.93,0.018397
1,22.86,0.008807
2,51.28,0.015657
2,56.0,0.00548
1,43.98,0.027791
1,40.05,0.073979
2,49.04,0.068303
2,40.04,0.148741
3,47.85,0.043644
2,46.84,0.094306
2,38.21,0.021528
1,39.29,0.029748
2,51.98,0.043831
1,35.77,0.033662
2,48.14,0.032488
3,33.88,0.028965
2,43.64,0.014091
1,45.65,0.122711
1,44.5,0.094725
3,31.6,0.016636
2,46.76,0.019767
2,41.69,0.094689
3,42.91,0.051454
3,32.47,0.004893
1,46.25,0.031314
1,23.44,0.005871
1,27.54,0.003719
1,34.23,0.07494
2,45.12,0.027987
2,37.5,0.008807
2,51.61,0.006263
1,,0.0
3,33.29,0.059069
1,39.56,0.007046
2,43.4,0.009003
2,37.39,0.016831
2,19.68,0.007046
1,22.31,0.00685
1,44.93,0.014678
2,33.91,0.088026
1,33.35,0.00685
2,36.29,0.028965
2,34.36,0.013308
1,27.72,0.034641
2,43.39,0.405346
2,48.72,0.033271
2,42.86,0.00822
1,28.3,0.005871
3,35.42,0.009981
3,30.89,0.045574
3,38.64,0.122676
2,30.67,0.004501
3,26.61,0.006458
2,21.72,0.008416
2,30.68,0.014287
1,47.24,0.011743
1,37.66,0.018201
2,37.68,0.005089
1,33.84,0.031118
1,35.56,0.035424
3,48.22,0.071417
1,25.35,0.029161
2,40.56,0.081016
3,,0.0
2,50.4,0.024464
1,18.92,0.00137
2,52.07,0.041669
1,41.33,0.012134
1,41.38,0.009394
2,31.46,0.01096
2,45.59,0.055573
1,43.31,0.010764
2,30.35,0.008611
2,42.02,0.102526
2,39.66,0.061454
2,36.62,0.029161
2,33.96,0.021528
1,28.78,0.007828
2,36.27,0.059692
2,38.5,0.017027
1,45.16,0.084912
2,52.07,0.041669
2,56.21,0.042452
1,49.33,0.007241
2,46.46,0.109172
2,43.33,0.015266
1,32.47,0.004893
2,47.56,0.007633
2,33.01,0.006654
3,41.11,0.027186
1,26.78,0.013308
2,34.58,0.007241
3,35.29,0.010568
2,53.75,0.049124
2,25.45,0.00822
2,43.27,0.008807
1,21.38,0.015266
1,38.49,0.015657
1,28.29,0.008024
1,39.29,0.008611
3,57.4,0.075118
1,29.21,0.027595
3,44.64,0.004893
2,35.5,0.03973
3,23.82,0.019758
1,40.09,0.019375
1,48.51,0.025443
3,34.19,0.023485
2,46.15,0.012917
2,33.33,0.003327
1,42.86,0.00411
1,27.83,0.01781
1,38.46,0.007828
2,44.25,0.029357
1,34.58,0.007241
3,19.05,0.001566
3,37.35,0.006067
2,37.23,0.041295
1,34.62,0.005284
3,33.7,0.031314
1,46.96,0.03151
2,49.71,0.032871
2,50.6,0.051277
2,42.44,0.084352
2,38.12,0.022898
2,33.34,0.0411
2,41.94,0.054408
3,41.77,0.006458
2,49.5,0.009786
3,28.57,0.000783
2,44.5,0.089245
3,43.14,0.012917
3,38.21,0.029161
3,23.27,0.003914
3,26.15,0.003327
3,25.34,0.021715
1,22.14,0.006067
1,31.96,0.042078
3,23.25,0.017605
2,41.77,0.006458
1,48.1,0.007437
3,46.92,0.043235
2,42.59,0.042665
2,62.2,0.019963
1,38.87,0.081977
1,52.0,0.007633
2,42.45,0.030727
2,33.87,0.033271
2,31.03,0.005284
2,30.34,0.012526
2,40.86,0.011351
1,33.49,0.014287
2,48.86,0.02055
2,32.95,0.010764
2,28.29,0.018984
2,34.92,0.04891
1,32.46,0.014483
3,41.89,0.026225
2,45.46,0.019571
2,46.24,0.074371
3,30.13,0.020745
2,35.33,0.019767
2,43.28,0.027008
2,38.5,0.01507
1,36.78,0.027987
2,38.04,0.00685
2,41.06,0.016636
1,38.31,0.028183
2,47.09,0.028378
1,63.04,0.005676
1,38.83,0.015657
1,32.8,0.008024
2,38.53,0.00822
2,38.23,0.076888
2,44.74,0.006654
2,35.71,0.017614
2,34.37,0.030727
2,48.96,0.018397
2,42.8,0.018005
1,54.83,0.014483
2,35.73,0.008807
2,44.58,0.088426
1,33.13,0.010764
2,46.56,0.168081
2,39.1,0.022115
2,49.66,0.0411
2,50.79,0.012526
1,32.54,0.023485
3,36.27,0.012917
3,37.06,0.040317
3,32.44,0.095499
1,46.37,0.049711
2,29.6,0.019571
1,26.8,0.029944
1,36.69,0.051463
1,35.85,0.37413
2,38.89,0.00137
2,45.45,0.012721
2,43.1,0.004893
3,38.87,0.029357
1,60.26,0.009198
2,45.19,0.011938
1,44.12,0.005871
2,33.54,0.02192
2,26.67,0.009394
3,29.43,0.009786
2,24.34,0.010764
1,47.04,0.02329
1,30.34,0.010568
2,41.87,0.02466
2,58.32,0.019963
2,100.0,0.000196
2,52.58,0.03014
2,44.31,0.078267
3,29.1,0.039116
2,45.9,0.032684
3,42.66,0.105667
3,31.69,0.05616
3,34.45,0.038751
2,45.51,0.073001
3,26.52,0.00685
2,45.8,0.034054
2,39.47,0.045014
2,47.2,0.022898
3,46.88,0.002936
2,37.38,0.033058
2,36.32,0.035032
2,44.21,0.041687
2,38.14,0.037381
3,28.5,0.035789
1,26.8,0.024855
2,41.41,0.039534
2,39.65,0.075153
1,44.44,0.002349
1,47.6,0.015461
1,35.37,0.037577
2,28.88,0.010568
3,30.38,0.012125
2,45.07,0.025834
2,44.78,0.039338
1,32.88,0.054995
1,32.41,0.0137
1,34.43,0.062236
1,42.43,0.024651
3,42.86,0.003523
2,43.26,0.043252
2,36.09,0.028183
3,35.04,0.008024
2,34.04,0.018984
1,40.54,0.03014
2,46.54,0.026225
2,38.82,0.048145
2,38.01,0.012721
3,32.69,0.013495
2,30.99,0.010373
1,33.45,0.02055
3,31.98,0.04029
1,29.07,0.004893
1,37.38,0.031314
3,28.83,0.012125
3,27.5,0.024642
3,24.79,0.023085
3,46.81,0.008611
3,25.33,0.025425
3,34.22,0.027578
3,20.91,0.020941
2,44.94,0.026813
3,32.46,0.036385
1,30.43,0.01096
1,41.8,0.062236
2,38.0,0.007437
1,29.91,0.00685
2,52.39,0.049515
1,38.46,0.070056
2,35.76,0.054016
3,36.36,0.014865
1,24.06,0.008807
2,41.24,0.042274
2,34.17,0.01644
3,39.15,0.043039
2,32.58,0.005676
2,18.0,0.005284
2,53.81,0.037381
1,36.15,0.031118
3,33.56,0.02836
3,34.2,0.037941
3,37.73,0.042443
1,50.77,0.006458
1,38.66,0.052647
1,41.86,0.903237
1,46.22,1.358081
2,46.25,0.038555
1,40.24,0.027791
2,43.51,0.013113
2,54.82,0.075714
1,35.68,0.048723
2,47.6,0.015461
3,46.91,0.005871
1,34.89,0.022115
3,24.96,0.034641
1,40.42,0.018984
2,45.11,0.033271
1,31.65,0.025638
1,46.71,0.051277
1,51.73,0.026421
1,42.17,0.026813
1,52.03,0.250316
1,55.77,0.02466
1,49.34,0.014678
2,28.37,0.022311
1,18.4,0.012526
3,37.56,0.01918
2,50.0,0.022115
2,51.24,0.020158
1,38.75,0.149675
1,32.14,0.022507
2,32.58,0.030727
1,37.55,0.237728
1,48.47,0.927301
2,48.55,0.028965
2,43.15,0.018397
1,27.21,0.02603
2,58.47,0.013504
3,41.85,0.062806
1,46.67,0.018984
1,34.45,0.008024
2,36.42,0.017027
2,31.35,0.01233
2,36.96,0.006654
2,35.11,0.009003
1,32.54,0.013113
1,42.38,0.012526
1,45.56,0.016048
1,27.85,0.004306
3,47.54,0.005676
1,33.96,0.007046
1,27.46,0.0137
2,37.79,0.043839
1,48.94,0.008807
2,35.23,0.02192
2,37.14,0.049907
1,36.24,0.032684
1,16.01,0.00548
2,21.32,0.007633
1,29.82,0.009981
2,44.21,0.00822
1,38.8,0.016244
2,37.55,0.020941
3,57.3,0.009981
2,26.15,0.009003
1,46.04,0.035219
1,34.04,0.009394
2,42.71,0.016636
1,34.2,0.012917
1,29.92,0.034837
1,42.62,0.096068
2,40.39,0.096655
2,53.72,0.012721
2,40.43,0.007437
1,37.89,0.107642
1,35.39,0.016831
2,38.49,0.018984
1,38.46,0.017614
2,,0.0
2,45.59,0.006067
2,50.77,0.006458
2,40.61,0.016048
1,32.93,0.010373
1,42.86,0.002349
2,45.07,0.006263
1,31.76,0.038155
2,41.24,0.023877
3,39.99,0.16454
2,45.28,0.104261
3,33.33,0.000587
1,42.32,0.033858
3,29.98,0.022115
3,28.03,0.009981
1,46.75,0.050494
1,36.5,0.027204
2,28.1,0.009786
2,41.38,0.088658
1,32.42,0.025443
1,45.05,0.008024
1,35.24,0.021724
3,49.71,0.016627
3,28.99,0.061258
2,41.25,0.012917
2,44.34,0.018397
2,25.0,0.003131
1,39.57,0.020745
1,43.58,0.045014
2,52.75,0.105471
2,44.16,0.030922
1,33.94,0.018788
2,35.43,0.017614
3,45.45,0.009786
2,38.08,0.01781
1,48.12,0.012526
1,30.49,0.027791
3,22.73,0.003914
3,30.72,0.045992
1,15.33,0.014874
1,35.43,0.008807
2,37.12,0.01918
2,31.35,0.015461
2,32.8,0.008024
2,34.06,0.01233
1,35.71,0.008807
1,33.58,0.008807
1,30.15,0.008024
2,40.83,0.039142
1,34.45,0.008024
2,49.91,0.047158
2,,0.0
2,45.83,0.535868
2,25.95,0.012134
2,52.95,0.385988
1,41.86,0.010568
1,25.77,0.018201
2,44.12,0.008807
2,43.91,0.044427
2,39.66,0.204848
2,40.59,0.27864
1,36.17,0.012526
2,35.84,0.02055
3,37.3,0.053999
1,30.06,0.010764
3,48.06,0.09178
3,43.91,0.265919
2,35.38,0.023681
2,31.11,0.00274
2,48.33,0.056756
3,39.4,0.04617
2,42.57,0.008416
2,,0.0
3,20.45,0.028965
1,39.29,0.008611
2,40.0,0.009003
1,37.81,0.090027
1,31.9,0.037381
1,39.05,0.093524
1,39.28,0.062014
1,30.77,0.001566
2,37.7,0.061062
2,40.62,0.025834
2,40.37,0.013113
1,42.91,0.109385
1,43.6,0.075918
2,47.22,0.016636
1,27.53,0.029357
2,47.5,0.047949
3,53.27,0.022302
2,55.6,0.802543
2,48.76,0.309954
1,,0.0
2,50.38,0.064371
2,51.18,0.017027
2,,0.0
2,48.17,0.040708
2,42.0,0.057931
1,30.0,0.009981
2,52.83,0.00548
1,32.94,0.0274
1,43.52,0.009198
3,38.4,0.018788
3,26.98,0.006654
1,42.06,0.017614
1,43.54,0.10137
3,29.84,0.014483
2,43.1,0.029357
2,56.72,0.029748
2,52.14,0.026225
2,30.26,0.00959
1,42.86,0.017027
1,46.88,0.008807
2,51.64,0.021528
3,28.53,0.01781
2,42.48,0.012721
2,52.58,0.070456
1,53.98,0.077297
3,65.35,0.026208
3,28.45,0.006458
3,42.37,0.016244
3,32.66,0.015853
3,33.93,0.011156
1,38.28,0.00959
2,39.41,0.020745
2,53.08,0.0867
2,50.84,0.024464
3,40.44,0.025247
3,71.43,0.003914
2,42.06,0.020745
2,43.04,0.077893
3,48.72,0.074166
3,38.46,0.031314
2,45.48,0.026617
2,54.27,0.034837
1,44.26,0.13344
1,46.26,0.223636
2,49.3,0.102713
1,45.0,0.008807
2,45.97,0.057735
2,57.35,0.058909
1,40.9,0.025051
1,38.74,0.008416
1,46.53,0.009198
3,36.84,0.01781
1,40.86,0.007437
3,51.32,0.089245
1,43.28,0.005676
2,30.37,0.008024
2,32.35,0.025443
1,55.77,0.005676
2,49.41,0.02466
1,31.87,0.009981
2,43.86,0.029357
1,23.72,0.007241
2,48.1,0.007437
3,35.3,0.03973
2,60.66,0.007241
2,62.7,0.185855
2,56.04,0.181558
2,42.27,0.019767
2,55.47,0.078676
2,49.43,0.025638
2,58.49,0.018201
2,44.04,0.009394
3,46.94,0.043448
2,60.34,0.027987
1,47.11,0.011156
2,42.82,0.117792
3,42.95,0.029161
1,46.81,0.018593
3,55.81,0.014091
1,52.71,0.049711
1,56.73,0.022311
1,30.06,0.010764
1,34.85,0.010568
2,45.03,0.031892
3,31.66,0.029553
2,45.09,0.031314
3,36.09,0.044427
1,26.88,0.016831
2,51.1,0.036207
3,34.85,0.004501
3,30.59,0.018788
3,33.53,0.01096
2,54.79,0.085322
1,28.57,0.005871
2,44.32,0.047949
2,31.12,0.03288
2,46.63,0.016244
2,35.02,0.039534
2,39.72,0.01096
2,45.24,0.003719
2,40.16,0.00959
1,22.05,0.008416
3,21.23,0.010177
2,36.72,0.009198
2,34.0,0.006654
1,26.15,0.006654
1,34.72,0.009786
2,31.77,0.018397
2,,0.0
1,24.57,0.011156
1,22.06,0.005871
3,46.53,0.052424
1,25.2,0.006263
2,46.32,0.02466
2,49.04,0.099004
1,,0.0
2,30.36,0.003327
2,32.14,0.005284
1,46.0,0.004501
1,24.39,0.005871
1,44.34,0.026813
2,29.03,0.001761
3,46.85,0.017418
3,50.02,0.009198
1,50.0,0.011547
3,25.12,0.049693
3,28.44,0.005676
1,26.03,0.009981
2,39.93,0.020941
2,40.44,0.014483
2,40.02,0.045014
2,26.88,0.004893
1,33.43,0.02603
3,39.93,0.188791
1,49.37,0.023085
1,27.13,0.012526
1,36.59,0.012526
1,35.84,0.012134
2,42.04,0.025825
1,36.3,0.034232
2,36.73,0.007046
2,48.03,0.016636
3,48.4,0.053598
3,45.63,0.045975
3,49.36,0.022694
1,44.51,0.014287
1,49.33,0.014483
1,48.31,0.073347
1,46.98,0.021333
1,25.2,0.006067
2,38.96,0.020354
2,30.0,0.001761
2,39.56,0.024073
2,44.2,0.052059
1,25.0,0.000587
2,45.3,0.010373
2,40.24,0.019375
2,44.04,0.009394
2,56.5,0.040904
1,21.77,0.005284
1,41.11,0.007241
2,41.11,0.020354
1,34.99,0.029357
3,23.63,0.009198
2,52.59,0.013896
1,42.73,0.015461
3,44.63,0.010568
1,35.77,0.044231
2,37.1,0.008416
2,33.06,0.007828
2,33.9,0.007828
2,53.77,0.011156
